Metric,Value
MAE,9757.776596600046
RMSE,12242.820058135172
R2,-0.8904460319256295
